{
  "bar_chart": {
    "hourly": {
      "current_power": [
        49.9, 71.5, 106.4, 129.2, 144.0, 176.0, 135.6, 148.5, 216.4, 194.1,
        95.6, 54.4
      ],
      "power_forecast": [
        1016, 888, 666.9, 1415.5, 1012.3, 1209.5, 1309.6, 1010.2, 1013.1,
        1116.9, 1000.2, 992.7
      ],
      "inflow": [
        7.0, 6.9, 9.5, 14.5, 18.2, 21.5, 25.2, 26.5, 23.3, 18.3, 13.9, 9.6
      ]
    },
    "daily": {
      "current_power": [
        41.9, 71.5, 100.4, 149.2, 144.0, 176.0, 177.6, 148.5, 206.4, 194.1,
        55.6, 54.4
      ],
      "power_forecast": [
        1116, 888, 766.9, 1615.5, 1012.3, 1109.5, 1209.6, 1010.2, 1113.1,
        1116.9, 1000.2, 892.7
      ],
      "inflow": [
        8.0, 6.9, 7.5, 18.5, 18.2, 21.5, 25.2, 26.5, 27.3, 13.3, 16.9, 9.6
      ]
    },
    "weekly": {
      "current_power": [
        59.9, 69.5, 146.4, 209.2, 144.0, 196.0, 155.6, 138.5, 236.4, 184.1,
        85.6, 54.4
      ],
      "power_forecast": [
        1216, 828, 676.9, 1215.5, 1012.3, 1209.5, 1309.6, 1010.2, 1013.1,
        1216.9, 1000.2, 992.7
      ],
      "inflow": [
        8.0, 5.9, 7.5, 12.5, 18.2, 19.5, 23.2, 20.5, 27.3, 18.3, 13.9, 9.6
      ]
    }
  }
}
